name,seq,len,MEA_score,MEA_struct,time,k1,k2,pairs1,pairs2,iterations,pred_struct,pred_score,recall,precision,f1,lp_recall,lp_precision,lp_f1,recall_improvement,precision_improvement,f1_improvement,overall_improvement
PKB115,CGGUAGCGCGAACCUUAUCGCGCA,24,5.52922,.....((((((......)))))).,0.0113050937652587,2,1,6,6,1,.....((((((......)))))).,0.0,0.6666666666666666,1.0,0.8,0.6666666666666666,1.0,0.8,0.0,0.0,0.0,0.0
PKB102,GCGUAUCUCUUAUGUCAACAGAGA,24,2.6523,.....(((((.........))))),0.0050561428070068,2,1,5,5,1,.....(((((.........))))),0.0,0.5,0.8,0.6153846153846154,0.5,0.8,0.6153846153846154,0.0,0.0,0.0,0.0
PKB119,ACGUGGCGAAUACGAUAAUUCGUA,24,1.87625,..........(((((....))))),0.2987799644470215,2,1,11,8,50,......[[[[((......]]]])),2.07602,0.4444444444444444,0.6666666666666666,0.5333333333333333,0.0,0.0,0.0,0.4444444444444444,0.6666666666666666,0.5333333333333333,1.1111111111111112
PKB103,CGCCGACGUGGCUGUAUAAUACGUC,25,3.81128,....((((((.........)))))),0.0042681694030761,2,1,6,6,1,....((((((.........)))))),0.0,0.5714285714285714,0.6666666666666666,0.6153846153846153,0.5714285714285714,0.6666666666666666,0.6153846153846153,0.0,0.0,0.0,0.0
PKB123,GACGUUGGCCUCGACGUGUCGAGGUG,26,6.42728,.......(((((((....))))))).,0.0050179958343505,2,1,7,7,1,.......(((((((....))))))).,0.0,0.6,0.8571428571428571,0.7058823529411764,0.6,0.8571428571428571,0.7058823529411764,0.0,0.0,0.0,0.0
PKB154,GAGCCCCUGACUGGGUUAAAGUCACA,26,2.05488,.......(((((.......)))))..,0.2158565521240234,2,1,9,4,50,..((....[[[[..))...]]]]...,2.30838,0.6,1.0,0.7499999999999999,0.5,1.0,0.6666666666666666,0.09999999999999998,0.0,0.08333333333333326,0.09999999999999998
PKB152,UGGUGCCCAUCAACCAUAUGAUGGGA,26,6.29533,.....(((((((......))))))).,0.004861831665039,2,1,7,7,1,.....(((((((......))))))).,0.0,0.7,1.0,0.8235294117647058,0.7,1.0,0.8235294117647058,0.0,0.0,0.0,0.0
PKB126,GAACGAGGCCCCGCGUGAAUUGGGGUG,27,4.99537,.......((((((.......)))))).,0.0046837329864501,2,1,6,6,1,.......((((((.......)))))).,0.0,0.6666666666666666,1.0,0.8,0.6666666666666666,1.0,0.8,0.0,0.0,0.0,0.0
PKB124,CAGUAGUCCUGAACUAGUAAAUCAGGACC,29,6.64647,.....(((((((.........))))))).,0.0062499046325683,2,1,7,7,1,.....(((((((.........))))))).,0.0,0.7,1.0,0.8235294117647058,0.7,1.0,0.8235294117647058,0.0,0.0,0.0,0.0
PKB100,AAGCCUUUUGGAUCGAAGGUUAAACGAUCCG,31,5.01363,........(((((((.........))))))),0.00478196144104,2,1,7,6,1,........(((((((.........))))))),0.0,0.5,0.8571428571428571,0.631578947368421,0.5,0.8571428571428571,0.631578947368421,0.0,0.0,0.0,0.0
PKB105,UAGUGUUUUUCCCUCCACUUAAAUCGAAGGGU,32,0.84758,..........(((...............))).,0.0954813957214355,2,1,4,0,50,..........((((.............)))).,1.06655,0.4444444444444444,1.0,0.6153846153846153,0.3333333333333333,1.0,0.5,0.1111111111111111,0.0,0.11538461538461531,0.1111111111111111
PKB118,CGGUGCUUUUAUGUUCACCGAAAUCGAACAUAC,33,3.02985,.........(((((((.........))))))).,0.3792581558227539,2,1,12,10,50,.[[[[....((..((]]]].......))..)).,3.2388000000000003,0.7,0.875,0.7777777777777777,0.5,0.7142857142857143,0.588235294117647,0.19999999999999996,0.1607142857142857,0.1895424836601307,0.36071428571428565
PKB120,UAGUGUUCGUGGAUAACACUUUAAUUAAGAUUCAUA,36,3.60296,.((((((.......))))))................,0.0049378871917724,2,1,6,6,1,.((((((.......))))))................,0.0,0.5,1.0,0.6666666666666666,0.5,1.0,0.6666666666666666,0.0,0.0,0.0,0.0
PKB65,GCACCGGCUAACUCCGUGCCAGCAGCCGCGGUAAUACGGAGGGUGC,46,11.6924,(((((......(((((((((.((....)))))...))))))))))),0.0104169845581054,2,1,17,16,1,(((((......(((((((((.((....)))))...))))))))))),0.0,0.7333333333333333,0.6875,0.7096774193548386,0.7333333333333333,0.6875,0.7096774193548386,0.0,0.0,0.0,0.0
PKB205,UUAGAGUGUUCAAAGCCAGGCGUUUGCCGUGAAUACAUUAGCAUGGAA,48,5.11095,.....(((((((......(((....))).)))))))............,0.0068390369415283,2,1,10,10,1,.....(((((((......(((....))).)))))))............,0.0,0.2307692307692307,0.3,0.2608695652173913,0.2307692307692307,0.3,0.2608695652173913,0.0,0.0,0.0,0.0
PKB147,AUAAUAGAAUAGGACGUUUGGUUCUAUUUUGUUGGUUUCUAGGACCAUCGU,51,9.32335,...((((((((((((.....))))))))))))(((((.....)))))....,0.0146279335021972,2,1,18,16,1,...((((((((((((.....))))))))))))(((((.....)))))....,0.0,0.4444444444444444,0.4705882352941176,0.4571428571428571,0.4444444444444444,0.4705882352941176,0.4571428571428571,0.0,0.0,0.0,0.0
PKB248,UGUUCCUUGGAUUGCUACGUUCACCAGAUUUGUGUAAUCUGGCCGUUAGGAACUUAAAAUUGCGCG,66,8.78902,.((((((................(((((((.....))))))).....)))))).............,0.0277769565582275,2,1,13,13,1,.((((((................(((((((.....))))))).....)))))).............,0.0,0.65,1.0,0.787878787878788,0.65,1.0,0.787878787878788,0.0,0.0,0.0,0.0
PKB72,GGAUCGCUGAAUUAGAGAUCGGCGUCCUUUCAUUCUAUAUACUUUGGAGUUUUAAAAUGUCUCUAA,66,8.79415,(((.((((((........))))))))).................(((((...........))))).,0.2184782028198242,2,1,15,13,26,(((.((((((........)))))))))................((((((...........)))))),9.01701,0.0,0.0,0.0,0.0,0.0,0.0,0.0,0.0,0.0,0.0
PKB140,UUUGCUCAUUGGUUUGCGGAAACCUCUCACGUGUGACGUUGAAGUUUCUAUGGGCAGUAAUUCUGCAAG,69,10.177,..(((((((........((((((.((..(((.....))).)).)))))))))))))(.....)......,0.0152561664581298,2,1,21,18,1,..(((((((........((((((.((..(((.....))).)).)))))))))))))(.....)......,0.0,0.782608695652174,0.9473684210526316,0.8571428571428571,0.782608695652174,0.9473684210526316,0.8571428571428571,0.0,0.0,0.0,0.0
PKB143,UUGUCGUUGGGAUGGAACGCAAUUAAAUACAUGUGUGACGUGUAUUUGCGAACGACGUAAUUAUUUUUCAG,71,10.4582,..((((((.........(((....(((((((((.....))))))))))))))))))...............,0.2477223873138427,2,1,21,18,23,..((((((.........(((....((((((((((...)))))))))))))))))))...............,10.69122,0.75,0.9473684210526316,0.8372093023255814,0.75,1.0,0.8571428571428571,0.0,-0.05263157894736836,-0.019933554817275656,-0.05263157894736836
PKB144,UUGUGUAUAUGGAUCAUGCGGAUAAAGUUAUACUGGUGCAGUAUAACCCGUUAUACACAUAAAAUUAUGAG,71,16.6785,.((((((((........((((.....(((((((((...)))))))))))))))))))))............,0.0132977962493896,2,1,21,21,1,.((((((((........((((.....(((((((((...)))))))))))))))))))))............,0.0,0.8333333333333334,0.9523809523809524,0.888888888888889,0.8333333333333334,0.9523809523809524,0.888888888888889,0.0,0.0,0.0,0.0
PKB173,ACAGAGCGCGUACUGUCUGACGACGUAUCCGCGCGGACUAGAAGGCUGGUGCCUCGUCCAACAAAUAGAUACA,73,13.2678,.....((((((((.(((....))))))..)))))((((..(.((((....)))))))))..............,0.0171809196472167,2,1,22,20,1,.....((((((((.(((....))))))..)))))((((..(.((((....)))))))))..............,0.0,0.5909090909090909,0.65,0.6190476190476191,0.5909090909090909,0.65,0.6190476190476191,0.0,0.0,0.0,0.0
PKB276,CGCCCGAACUAAGCGCCCGGAAAAAGGCUUAGUUGACGAGGAUGGAGGUUAUCGAAUUUCGCGGAUCCUCCCG,73,10.881,......((((((((..(........))))))))).........(((((....((.......))...)))))..,0.0115618705749511,2,1,16,14,1,......((((((((..(........))))))))).........(((((....((.......))...)))))..,0.0,0.6190476190476191,0.8125,0.7027027027027026,0.6190476190476191,0.8125,0.7027027027027026,0.0,0.0,0.0,0.0
PKB275,CCGGCUGAGUGUGCAGAUCACAGCCGUAAGAAUUUCUUCAAACCAAGGGGGUGACUCCUUGAACAAAGAGAAAUCACAUGAUCUU,85,15.9156,.((((((..((.......)))))))).....(((((((.....(((((((....)))))))......)))))))...........,0.0180368423461914,2,1,24,22,1,.((((((..((.......)))))))).....(((((((.....(((((((....)))))))......)))))))...........,0.0,0.7692307692307693,0.9090909090909092,0.8333333333333333,0.7692307692307693,0.9090909090909092,0.8333333333333333,0.0,0.0,0.0,0.0
PKB75,UGGCCGGCAUGGUCCCAGCCUCCUCGCUGGCGCCGGCUGGGCAACAUUCCGAGGGGACCGUCCCCUCGGUAAUGGCGAAUGGGACCCA,88,17.3002,.(((((((......(((((......))))).)))))))(((...(((((((((((((...))))))))).))))..........))).,0.0320897102355957,2,1,34,24,1,.(((((((......(((((......))))).)))))))(((...(((((((((((((...))))))))).))))..........))).,0.0,0.6896551724137931,0.7142857142857143,0.7017543859649122,0.6896551724137931,0.7142857142857143,0.7017543859649122,0.0,0.0,0.0,0.0
PKB76,GGGUCGGCAUGGCAUCUCCACCUCCUCGCGGUCCGACCUGGGCAUCCGAAGGAGGACGCACGUCCACUCGGAUGGCUAAGGGAGAGCCA,89,14.7807,.........((((.((((((((.......))).....((((.(((((((..(.((((....)))).)))))))).)).))))))))))),0.0376880168914794,2,1,30,22,1,.........((((.((((((((.......))).....((((.(((((((..(.((((....)))).)))))))).)).))))))))))),0.0,0.72,0.6428571428571429,0.6792452830188679,0.72,0.6428571428571429,0.6792452830188679,0.0,0.0,0.0,0.0
PKB164,AUUGGUAUGUAAGCUACUUCUUCCAGUAGCUGCGUCAUAACAUCAAGGUUAUGCAUACUGAGCCGAAGCUCAGCUUCGGUCCUCCAAGGAAGACCA,96,14.3672,....((((((.(((((((......)))))))))..((((((......)))))).))))...((((((((...))))))))(.((....)).)....,1.8138415813446045,2,1,39,25,50,.....(((((.(((((((......)))))))))..((((..........)))).)))[[[[[((((((]]]]]))))))((.((....)).))...,15.240719999999998,0.6129032258064516,0.6129032258064516,0.6129032258064516,0.7096774193548387,0.7333333333333333,0.7213114754098361,-0.09677419354838712,-0.12043010752688166,-0.10840824960338447,-0.21720430107526878
PKB168,AUUGGUGAUUAUUUCCGCUUACUCCUGUGCGGAUGCAACAAUGUUUUGACAUUGAUCACUGAGUUUCAGACUGACUAACAGUCUGGGAUCCCCCAAGGGAGACCA,105,22.7011,.((((((((....(((((..........))))).....((((((....)))))))))))))).((((((((((.....))))))))))((((....)))).....,0.0362732410430908,2,1,35,32,1,.((((((((....(((((..........))))).....((((((....)))))))))))))).((((((((((.....))))))))))((((....)))).....,0.0,0.8529411764705882,0.8787878787878788,0.8656716417910447,0.8529411764705882,0.8787878787878788,0.8656716417910447,0.0,0.0,0.0,0.0
PKB252,GGGAUCGUCAGUGCAUUGAGAUGUUUCUCAGACUGAUUAUCGUGAGACAGUGAUCUCGUGGUCAGUCCUAGUUUGGGGGCUGGUCCUCACGGUGGUAUCCCCAAGGGGUA,110,19.5475,(((((.((((((...((((((....))))))))))))(((((((((...(....)....((((((((((......)))))))))))))))))))..))))).........,0.0305380821228027,2,1,37,29,1,(((((.((((((...((((((....))))))))))))(((((((((...(....)....((((((((((......)))))))))))))))))))..))))).........,0.0,0.6923076923076923,0.7297297297297297,0.7105263157894737,0.6923076923076923,0.7297297297297297,0.7105263157894737,0.0,0.0,0.0,0.0
PKB191,AGGUAUGAAGUCCUAUUCGCUCCUGAUAGGAUCGACUUCAUAUUGCUUAUAUAUGUGCUAACGCACAUAUAUAAAUGCUCAUGCAAAACUGCAUGAAUGCCCCUAAGGGAUGC,113,29.2094,.((((((((((((((((.......)))))....)))))))))))..((((((((((((....))))))))))))....(((((((....)))))))...(((....)))....,0.0515439510345459,2,1,44,36,1,.((((((((((((((((.......)))))....)))))))))))..((((((((((((....))))))))))))....(((((((....)))))))...(((....)))....,0.0,0.8717948717948718,0.8947368421052632,0.8831168831168831,0.8717948717948718,0.8947368421052632,0.8831168831168831,0.0,0.0,0.0,0.0
PKB135,AAGAUAUCUGUACCGUCUUCUCCCCGACGGUUUCAAUCCAUAGCUUCACGUUGUGUAGCGUAGGUGGAAGGUAUCGUGUGGUGUAUAAACACCACAUAGUCUCUUAGGGGAGACCA,116,24.6974,..(((((((..((((((........)))))).....(((((.(((.(((...))).)))....))))))))))))(((((((((....))))))))).((((((....))))))..,0.0967178344726562,2,1,47,37,1,..(((((((..((((((........)))))).....(((((.(((.(((...))).)))....))))))))))))(((((((((....))))))))).((((((....))))))..,0.0,0.8205128205128205,0.8205128205128205,0.8205128205128205,0.8205128205128205,0.8205128205128205,0.8205128205128205,0.0,0.0,0.0,0.0
PKB236,CAUUGUUCUGAUCAUCUGAAGAUCAGCUAUUAGAAGAGAAAGAUCAGUUAAGUCCUUUGGACCUGAUCAGCUUGAUACAAGAACUACUGAUUUCAACUUCUUUGGCUUAAUUCUCUCGGA,120,10.9905,.......((((((.......))))))((...(((((.((..(((((((...((((...)))).......................)))))))))..)))))..))...............,0.5165600776672363,2,1,37,22,13,.......((((((.......))))))((...(((((.((..(((((((..(((((...)))......................)))))))))))..)))))..))...............,11.13319,0.4,0.5925925925925926,0.4776119402985075,0.35,0.5384615384615384,0.4242424242424242,0.050000000000000044,0.054131054131054124,0.05336951605608331,0.10413105413105417
PKB137,AGGUACCCUUGAAAUCACCUCCUAGAUUUCUUCGGAAGGGCUUCGUGAGAAGCUCGUGCACGGUAAUACACUGAUAUUACCAAGAGUGCGGGUAUCGCCUGUGGUUUUCCACAGGUUCUCCAUAAGGAGACCA,133,33.3252,.(((((((..((((((........)))))).......(((((((....)))))))..(((((((((((......)))))))....)))))))))))((((((((....))))))))(((((....)))))...,0.0694561004638671,2,1,49,48,1,.(((((((..((((((........)))))).......(((((((....)))))))..(((((((((((......)))))))....)))))))))))((((((((....))))))))(((((....)))))...,0.0,0.8863636363636364,0.8863636363636364,0.8863636363636365,0.8863636363636364,0.8863636363636364,0.8863636363636365,0.0,0.0,0.0,0.0
PKB134,UCUAGGUGCCUUUGAGAGUUACUCUUUGCUCUCUUCGGAAGAACCCUUAGGGGUUCGUGCAUGGGCUUGCAUAGCAAGUCUUAGAAUGCGGGUACCGUACAGUGUUGAAAAACACUGUAAAUCUCUAAAAGAGACCA,137,32.1942,....(((((((..((((((........)))))).......((((((....))))))..((((((((((((...))))))))....))))))))))).(((((((((....)))))))))..((((.....))))...,0.0537648200988769,2,1,44,43,1,....(((((((..((((((........)))))).......((((((....))))))..((((((((((((...))))))))....))))))))))).(((((((((....)))))))))..((((.....))))...,0.0,0.8636363636363636,0.8636363636363636,0.8636363636363636,0.8636363636363636,0.8636363636363636,0.8636363636363636,0.0,0.0,0.0,0.0
