name,seq,len,MEA_score,MEA_struct,time,k1,k2,pairs1,pairs2,iterations,pred_struct,pred_score,recall,precision,f1,lp_recall,lp_precision,lp_f1
PKB115,CGGUAGCGCGAACCUUAUCGCGCA,24,5.52922,.....((((((......)))))).,0,2,2,6,6,0,.....((((((......)))))).,0,0.6666666666666666,1.0,0.8,0.6666666666666666,1.0,0.8
PKB102,GCGUAUCUCUUAUGUCAACAGAGA,24,2.6523,.....(((((.........))))),0,2,2,5,5,0,.....(((((.........))))),0,0.5,0.8,0.6153846153846154,0.5,0.8,0.6153846153846154
PKB119,ACGUGGCGAAUACGAUAAUUCGUA,24,1.87625,..........(((((....))))),0.10879826545715332,2,2,11,11,16,.........[[((((..]])))).,2.2041000000000004,0.2222222222222222,0.3333333333333333,0.26666666666666666,0.0,0.0,0
PKB103,CGCCGACGUGGCUGUAUAAUACGUC,25,3.81128,....((((((.........)))))),0,2,2,6,6,0,....((((((.........)))))),0,0.5714285714285714,0.6666666666666666,0.6153846153846153,0.5714285714285714,0.6666666666666666,0.6153846153846153
PKB123,GACGUUGGCCUCGACGUGUCGAGGUG,26,6.42728,.......(((((((....))))))).,0,2,2,7,7,0,.......(((((((....))))))).,0,0.6,0.8571428571428571,0.7058823529411764,0.6,0.8571428571428571,0.7058823529411764
PKB154,GAGCCCCUGACUGGGUUAAAGUCACA,26,2.05488,.......(((((.......)))))..,0.24859094619750977,2,2,9,9,43,..((((.[[[[[))))...]]]]]..,3.16968,0.9,1.0,0.9473684210526316,0.5,1.0,0.6666666666666666
PKB152,UGGUGCCCAUCAACCAUAUGAUGGGA,26,6.29533,.....(((((((......))))))).,0,2,2,7,7,0,.....(((((((......))))))).,0,0.7,1.0,0.8235294117647058,0.7,1.0,0.8235294117647058
PKB126,GAACGAGGCCCCGCGUGAAUUGGGGUG,27,4.99537,.......((((((.......)))))).,0,2,2,6,6,0,.......((((((.......)))))).,0,0.6666666666666666,1.0,0.8,0.6666666666666666,1.0,0.8
PKB124,CAGUAGUCCUGAACUAGUAAAUCAGGACC,29,6.64647,.....(((((((.........))))))).,0,2,2,7,7,0,.....(((((((.........))))))).,0,0.7,1.0,0.8235294117647058,0.7,1.0,0.8235294117647058
PKB100,AAGCCUUUUGGAUCGAAGGUUAAACGAUCCG,31,5.01363,........(((((((.........))))))),0,2,2,7,7,0,........(((((((.........))))))),0,0.5,0.8571428571428571,0.631578947368421,0.5,0.8571428571428571,0.631578947368421
PKB105,UAGUGUUUUUCCCUCCACUUAAAUCGAAGGGU,32,0.84758,..........(((...............))).,0.06212043762207031,2,2,4,4,23,..........((((.............)))).,1.0665499999999999,0.4444444444444444,1.0,0.6153846153846153,0.3333333333333333,1.0,0.5
PKB118,CGGUGCUUUUAUGUUCACCGAAAUCGAACAUAC,33,3.02985,.........(((((((.........))))))).,0.3635718822479248,2,2,12,12,41,[[[[.....(((((((]]]].....))))))).,4.5579,0.8,0.7272727272727273,0.761904761904762,0.5,0.7142857142857143,0.588235294117647
PKB120,UAGUGUUCGUGGAUAACACUUUAAUUAAGAUUCAUA,36,3.60296,.((((((.......))))))................,0,2,2,6,6,0,.((((((.......))))))................,0,0.5,1.0,0.6666666666666666,0.5,1.0,0.6666666666666666
PKB65,GCACCGGCUAACUCCGUGCCAGCAGCCGCGGUAAUACGGAGGGUGC,46,11.6924,(((((......(((((((((.((....)))))...))))))))))),0,2,2,17,17,0,(((((......(((((((((.((....)))))...))))))))))),0,0.7333333333333333,0.6875,0.7096774193548386,0.7333333333333333,0.6875,0.7096774193548386
PKB205,UUAGAGUGUUCAAAGCCAGGCGUUUGCCGUGAAUACAUUAGCAUGGAA,48,5.11095,.....(((((((......(((....))).)))))))............,0,2,2,10,10,0,.....(((((((......(((....))).)))))))............,0,0.23076923076923078,0.3,0.2608695652173913,0.23076923076923078,0.3,0.2608695652173913
PKB147,AUAAUAGAAUAGGACGUUUGGUUCUAUUUUGUUGGUUUCUAGGACCAUCGU,51,9.32335,...((((((((((((.....))))))))))))(((((.....)))))....,0,2,2,18,18,0,...((((((((((((.....))))))))))))(((((.....)))))....,0,0.4444444444444444,0.47058823529411764,0.45714285714285713,0.4444444444444444,0.47058823529411764,0.45714285714285713
PKB248,UGUUCCUUGGAUUGCUACGUUCACCAGAUUUGUGUAAUCUGGCCGUUAGGAACUUAAAAUUGCGCG,66,8.78902,.((((((................(((((((.....))))))).....)))))).............,0,2,2,13,13,0,.((((((................(((((((.....))))))).....)))))).............,0,0.65,1.0,0.787878787878788,0.65,1.0,0.787878787878788
PKB72,GGAUCGCUGAAUUAGAGAUCGGCGUCCUUUCAUUCUAUAUACUUUGGAGUUUUAAAAUGUCUCUAA,66,8.79415,(((.((((((........))))))))).................(((((...........))))).,0.022719860076904297,2,2,15,15,2,(((.((((((........)))))))))................((((((...........)))))),9.01701,0.0,0.0,0,0.0,0.0,0
PKB140,UUUGCUCAUUGGUUUGCGGAAACCUCUCACGUGUGACGUUGAAGUUUCUAUGGGCAGUAAUUCUGCAAG,69,10.177,..(((((((........((((((.((..(((.....))).)).)))))))))))))(.....)......,0,2,2,21,21,0,..(((((((........((((((.((..(((.....))).)).)))))))))))))(.....)......,0,0.782608695652174,0.9473684210526315,0.8571428571428571,0.782608695652174,0.9473684210526315,0.8571428571428571
PKB143,UUGUCGUUGGGAUGGAACGCAAUUAAAUACAUGUGUGACGUGUAUUUGCGAACGACGUAAUUAUUUUUCAG,71,10.4582,..((((((.........(((....(((((((((.....))))))))))))))))))...............,0.026974201202392578,2,2,21,21,2,..((((((.........(((....((((((((((...)))))))))))))))))))...............,10.691220000000001,0.75,0.9473684210526315,0.8372093023255814,0.75,1.0,0.8571428571428571
PKB144,UUGUGUAUAUGGAUCAUGCGGAUAAAGUUAUACUGGUGCAGUAUAACCCGUUAUACACAUAAAAUUAUGAG,71,16.6785,.((((((((........((((.....(((((((((...)))))))))))))))))))))............,0,2,2,21,21,0,.((((((((........((((.....(((((((((...)))))))))))))))))))))............,0,0.8333333333333334,0.9523809523809523,0.888888888888889,0.8333333333333334,0.9523809523809523,0.888888888888889
PKB173,ACAGAGCGCGUACUGUCUGACGACGUAUCCGCGCGGACUAGAAGGCUGGUGCCUCGUCCAACAAAUAGAUACA,73,13.2678,.....((((((((.(((....))))))..)))))((((..(.((((....)))))))))..............,0,2,2,22,22,0,.....((((((((.(((....))))))..)))))((((..(.((((....)))))))))..............,0,0.5909090909090909,0.65,0.6190476190476191,0.5909090909090909,0.65,0.6190476190476191
PKB276,CGCCCGAACUAAGCGCCCGGAAAAAGGCUUAGUUGACGAGGAUGGAGGUUAUCGAAUUUCGCGGAUCCUCCCG,73,10.881,......((((((((..(........))))))))).........(((((....((.......))...)))))..,0,2,2,16,16,0,......((((((((..(........))))))))).........(((((....((.......))...)))))..,0,0.6190476190476191,0.8125,0.7027027027027026,0.6190476190476191,0.8125,0.7027027027027026
PKB275,CCGGCUGAGUGUGCAGAUCACAGCCGUAAGAAUUUCUUCAAACCAAGGGGGUGACUCCUUGAACAAAGAGAAAUCACAUGAUCUU,85,15.9156,.((((((..((.......)))))))).....(((((((.....(((((((....)))))))......)))))))...........,0,2,2,24,24,0,.((((((..((.......)))))))).....(((((((.....(((((((....)))))))......)))))))...........,0,0.7692307692307693,0.9090909090909091,0.8333333333333333,0.7692307692307693,0.9090909090909091,0.8333333333333333
PKB75,UGGCCGGCAUGGUCCCAGCCUCCUCGCUGGCGCCGGCUGGGCAACAUUCCGAGGGGACCGUCCCCUCGGUAAUGGCGAAUGGGACCCA,88,17.3002,.(((((((......(((((......))))).)))))))(((...(((((((((((((...))))))))).))))..........))).,0.09552192687988281,2,2,34,34,2,.(((((((....[[(((((......))))).)))))))(((...(((((((((((((...))))))))).))))........]]))).,17.66692,0.7586206896551724,0.7333333333333333,0.7457627118644068,0.6896551724137931,0.7142857142857143,0.7017543859649122
PKB76,GGGUCGGCAUGGCAUCUCCACCUCCUCGCGGUCCGACCUGGGCAUCCGAAGGAGGACGCACGUCCACUCGGAUGGCUAAGGGAGAGCCA,89,14.7807,.........((((.((((((((.......))).....((((.(((((((..(.((((....)))).)))))))).)).))))))))))),0,2,2,30,30,0,.........((((.((((((((.......))).....((((.(((((((..(.((((....)))).)))))))).)).))))))))))),0,0.72,0.6428571428571429,0.6792452830188679,0.72,0.6428571428571429,0.6792452830188679
